id,username,text,created_at,lang,location,lat,lng,sentiment,keywords,mentions,retweets_count,likes_count,followers_count,friends_count,verified,profile_image
1.9756061560653745e+18,@LaRazon_mx," UNAM sigue sin responsables de amenazas
Hasta ahora no se han identificado a los responsables que obligaron a pausar actividades en la universidad durante las √∫ltimas dos semanas.",2025-10-07 16:56:00+00:00,es,Mx,,,Negativo ,UNAM responsables amenazas actividades universidad ,,1,0,162000,949,TRUE,https://x.com/LaRazon_mx/photo
1.975605724886766e+18,@cchoriente_unam,"üëÄ Nunca sabes cu√°ndo podr√≠as necesitar ayuda.
Por eso, descarga ya la app S.O.S UNAM üì≤
Un bot√≥n, una alerta, toda la comunidad contigo. üíôüíõ
.
.
#TuSeguridadEsPrimero",2025-10-07 16:54:00+00:00,es,Mx,,,Neutro,Ayuda S.O.S UNAM boton alerta #TuSeguridadPrimero,,0,0,812,20,FALSE,https://x.com/cchoriente_unam/photo
1.9756051030264422e+18,@Cachoperiodista,"Omar Garc√≠a Harfuch inform√≥ que las primeras denuncias por amenaza de bomba en la #UNAM  fueron atendidas por la polic√≠a de la #CDMX ero la Secretar√≠a de Seguridad colabora en las investigaciones.
‚ÄúEn cualquier tipo de amenaza, primero se verifica su veracidad y gravedad, pero ninguna se descarta‚Äù, se√±al√≥. #LaMa√±aneraDelPueblo",2025-10-07 16:52:00+00:00,es,Mx,,,Negativo,Harfuch denuncias amenaza bomba #UNAM polic√≠a CDMX #LaMa√±aneradelPueblo,,0,0,68500,3480,TRUE,https://x.com/Cachoperiodista/photo
1.975605073792193e+18,@SGIRPC_CDMX,"Distribuci√≥n espacial de las temperaturas m√≠nimas registradas el 07-10-2025, por las redes de la SGIRPC, SEDEMA, CONAGUA, SENEAM y PEMBU-UNAM.

#LaPrevenci√≥nEsNuestraFuerza",2025-10-07 16:52:00+00:00,es,Mx,,,Neutro,temperaturas SGIRPC CONAGUA SENEAM PEMBU-UNAM #LaPrevenci√≥nEsNuestraFuerza,,3,5,1100000,569,TRUE,https://x.com/SGIRPC_CDMX/photo
1.975605041227506e+18,@RTvNoticiasMor,"La UNAM suspendi√≥ actividades en la Facultad de Econom√≠a tras una amenaza de agresi√≥n colocada en el plantel; las clases continuar√°n en l√≠nea mientras se realizan las investigaciones.",2025-10-07 16:52:00+00:00,es,Mx,,,Negativo,UNAM Facultad Econom√≠a suspendio amenaza plantel ,,0,0,378,53,FALSE,https://x.com/RTvNoticiasMor/photo
1.9756043658271337e+18,@LuFernny,"La 
@UNAM_MX
 ya investiga qui√©n busca desestabilizar a la instituci√≥n. La comunidad universitaria merece respeto y un ambiente de paz.",2025-10-07 16:49:00+00:00,es,Mx,,,Negativo,Desestabilizar instituci√≥n respeto ,,0,0,18,71,FALSE,https://x.com/LuFernny/photo
1.9756041941668375e+18,@planoags,"#Nacionales | La UNAM volvi√≥ a enfrentar una jornada de tensi√≥n este lunes 6 de octubre, luego de que la #FES Iztacala fue evacuada por una nueva amenaza, apenas unas horas despu√©s de que se reportara un incidente similar en la #FCPyS en Ciudad Universitaria. 

Nota:",2025-10-07 16:48:00+00:00,es,Mx,,,Negativo,#Nacionales UNAM tensi√≥n #FES evacuada amenaza #FCPyS,,0,0,507,16,TRUE,https://x.com/planoags
1.975603524399735e+18,@lsalgador,"UNAM organiza homenaje a Julieta Fierro como parte de la ""Noche de las Estrellas"": ¬øcu√°ndo y en d√≥nde ser√°? https://eluniversal.com.mx/tendencias/unam-organiza-homenaje-a-julieta-fierro-como-parte-de-la-noche-de-las-estrellas-cuando-y-en-donde-sera/ a trav√©s de 
@El_Universal_Mx",2025-10-07 16:45:00+00:00,es,Mx,,,Neutro,UNAM homenaje Julieta Fierro estrellas ,@El_Universal_Mx,0,0,2676,2626,TRUE,https://x.com/lsalgador/photo
1.9756034885591736e+18,@latinus_us,"Facultad de Econom√≠a de la UNAM suspende clases presenciales por amenaza de agresi√≥n contra la comunidad.
#Latinus #Informaci√≥nParaTi",2025-10-07 16:45:00+00:00,es,Mx,,,Negativo,Facultad Econom√≠a UNAM suspende clases amenaza agresi√≥n #Latinus #Informaci√≥nParaTi,,5,8,1400000,57,TRUE,https://x.com/latinus_us/photo
1.9756034845454584e+18,@megavisionmx,"Mantiene Gobierno colaboraci√≥n con √°reas de seguridad de la UNAM: Sheinbaum
Al se√±alar que las amenazas de bomba que se registraron en la UNAM fueron falsas, 
@Claudiashein
 inform√≥ que su Gobierno, a trav√©s de la SEGOB, mantiene una colaboraci√≥n con las √°reas de seguridad de UNAM
",2025-10-07 16:45:00+00:00,es,Mx,,,Negativo,Gobierno seguridad UNAM Sheinbaum amenazas bomba falsas SEGOB ,@Claudiashein,0,0,43000,21200,FALSE,https://x.com/megavisionmx/photo
1.975603275043918e+18,@lajornadaonline," La tragedia en el 
@cchsur_oficial
 marca ‚Äúun antes y un despu√©s‚Äù en la historia de la 
@UNAM_MX
. Es un hecho sin precedente, pero no significa que la instituci√≥n est√© fallando a sus üßë‚Äçüéì alumnos ni que la autonom√≠a sea ‚Äúextraterritorialidad‚Äù o ‚Äúun obst√°culo para actuar ante hechos delictivos. No somos un Estado dentro de otro Estado, nos regimos por las leyes de la Rep√∫blica‚Äù, asevera el rector, #LeonardoLomel√≠. En entrevista con ‚ÄòLa Jornada‚Äô, exhorta a realizar una capacitaci√≥n inmediata y permanente de su personal de #vigilancia, as√≠ como robustecer los controles de acceso. El reto mayor, admite, es atender la #saludmental de los estudiantes, pues los j√≥venes de esta era digital ‚Äúson m√°s dif√≠ciles de entender‚Äù.

M√°s Informaci√≥n üëâ https://jornada.com.mx/noticia/2025/10/07/sociedad/tragedia-en-cch-sur-marca-un-antes-y-un-despues-en-la-unam

#VideosLaJornada

#unam #rectorunam #cchsur",2025-10-07 16:45:00+00:00,es,Mx,,,Negativo,Tragedia antes historia autonom√≠a extraterritorialidad obst√°culo Estado Rep√∫blica  #LeonardoLomel√≠ #VideosLaJornada #unam #rectorunam #cchsur #vigilancia delictivos ,@cchsur_oficial @UNAM_MX,0,1,2800000,333,TRUE,https://x.com/lajornadaonline/photo
1.9756032747041674e+18,@lopezdoriga,"Caso CCH Sur.

Hay orden de aprehensi√≥n contra el estudiante de bachillerato de la UNAM que asesin√≥ a un compa√±ero en la CDMX.",2025-10-07 16:45:00+00:00,es,Mx,,,Negativo,CCH orden aprehensi√≥n estudiante bachiilerato UNAM asesin√≥ CDMX,,0,8,8300000,2065,TRUE,https://x.com/lopezdoriga/photo
1.9756024700062354e+18,@rastamandi45021,"Y d√≥nde estabas cuando gobernaba el PRI y nunca hubo una amenaza de bomba en la UNAM ??? ¬øOtra Amenaza de Bomba en la UNAM? Estudiantes de Prepa 8 Son Desalojados 
 https://nmas.com.mx/ciudad-de-mexico/amenaza-de-bomba-prepa-8-unam-hoy-7-de-octubre-2025-estudiantes-son-desalojados/ v√≠a 
@nmas",2025-10-07 16:41:00+00:00,es,Mx,,,Negativo,gobernaba PRI amenaza bomba UNAM estudiantes prepa 8 desalojados,@nmas,1,1,42,47,FALSE,https://x.com/rastamandi45021/photo
1.9756022855197742e+18,@JesusRCuevas,"‚ÄúTodas las amenazas denunciadas en la 
@UNAM_MX
 que se hicieron publicas el d√≠a de ayer fueron negativas, hay comunicaci√≥n permanente con las autoridades universitarias y se trabaja en un programa de atenci√≥n a los j√≥venes‚Äù, coment√≥ la presidenta 
@Claudiashein
.",2025-10-07 16:41:00+00:00,es,Mx,,,Negativo,amenazas denuncias negativas comunicaci√≥n autoridades universitarias j√≥venes presidenta ,@UNAM_MX @Claudiashein,8,25,288300,2103,TRUE,https://x.com/JesusRCuevas/photo
1.9756021297014088e+18,@ICATUNAM,"¬°Faltan solo 3 d√≠as! 
Del 9 al 11 de octubre, Ciudad Universitaria ser√° sede del XXXVIII Simposio Internacional SOMECE 2025. 

üîó http://somece.org.mx

#UNAM #SOMECE #IAEnLaEducaci√≥n",2025-10-07 16:40:00+00:00,es ,Mx,,,Neutro,Faltan d√≠as Ciudad Universitaria sede simposio #UNAM #SOMECE #IAEnLaEducaci√≥n ,,0,0,9783,717,FALSE,https://x.com/ICATUNAM/photo
1.9756016519952753e+18,"@MaTrejo40","La propia UNAM ya envi√≥ un comunicado que se trat√≥ de un error. Pero si Rivapayaso dice que es como el 68, es como el 68.",2025-10-07 16:38:00+00:00,es,Mx,,,Negativo,UNAM comunicado error Rivapayaso 68,,0,0,48,111,FALSE,https://x.com/MaTrejo40/photo
1.9756013898974577e+18,@chuchosanmx,"Hoy es d√≠a de echarnos un #CafeConMiyagi 
@FansDeMiyagi
 en el #GallitoIngles, por #NextNation 
@NextFmMX
. ¬øQu√© opini√≥n les merece el desmadrito que traen en la UNAM? 
@CoachLuisRobert
 

¬øHabr√° #MusicaNuevaNextNation? 

Recuerden, a las 17:00 se transmite Planeta X.

@NextLuisRobert",2025-10-07 16:37:00+00:00,es,Mx,,,Neutro,#CafeConMiyagi #GallitoIngles #NextNation desmadrito UNAM transmite,@FansDeMiyagi @NextFmMX @CoachLuisRobert @NextLuisRobert,0,2,2086,2467,FALSE,https://x.com/chuchosanmx/photo
1.9756012839535334e+18,"@MikeRivas14
","La UNAM deber√≠a controlar el acceso a sus instalaciones. Se hubiera podido evitar lo del CCH, por ejemplo. O el narcomenudeo en CU, como cuando literalmente se agarraron a balazos en frente de la fac de ingenier√≠a a unos pasos de mi.",2025-10-07 16:37:00+00:00,es,Mx,,,Negativo,UNAM acceso instalaciones CCH CU narcomenudeo balazos,,0,0,251,559,FALSE,https://x.com/MikeRivas14/photo
1.9756011155858148e+18,"@MismisimoRenato","Me parece perfecto que ya se investigue quien quiere desastibilizar la 
@UNAM_MX
 hoy 
@OHarfuch
 anunci√≥ que habr√° consecuencias para los que est√°n sembrando el terror",2025-10-07 16:36:00+00:00,es,Mx,,,Negativo,investigue desestabilizar consecuencias terror,@UNAM_MX @OHarfuch,0,0,5604,2800,TRUE,https://x.com/MismisimoRenato/photo
1.975600975491834e+18,@nmas,"Estudiantes de la Escuela Nacional Preparatoria 8, de la UNAM, fueron desalojados por una presunta amenaza de bomba.",2025-10-07 16:35:00+00:00,es,Mx,,,Negativo,Estudiantes Escuela Nacional Preparatoria UNAM desalojados amenaza bomba ,,4,6,3300000,66,TRUE,https://x.com/nmas/photo
1.9755997474667318e+18,@ALXAM13,"La UNAM tirando millones de pesos en babosadas pero en los ba√±os no hay papel, agua ni jab√≥n.",2025-10-07 16:30:00+00:00,es,Mx,,,Negativo,UNAM millones pesos babosadas ba√±os ,,0,0,703,2897,FALSE,https://x.com/ALXAM13/photo
1.975599707796693e+18,@RevistaRayas,#Deportes üèÄ Borregos Puebla derrot√≥ a Pumas UNAM y conserva el invicto como local. Conoce los detalles del juego. #Borregos #Pumas,2025-10-07 16:30:00+00:00,es,Mx,,,Neutro,#Deportes Borregos Puebla Pumas UNAM #Borregos #Pumas,,0,0,1303,683,FALSE,https://x.com/RevistaRayas/photo
1.9755909331702093e+18,@politicomx,"Sheinbaum se pronuncia sobre amenazas de bomba en la UNAM

La presidenta 
@Claudiashein
 inform√≥ que las recientes amenazas de bomba en la 
@UNAM_MX
 resultaron ser falsas. Se√±al√≥ que la secretaria de Gobernaci√≥n, 
@rosaicela_
, se ha reunido con el rector y que se trabaja en un programa de atenci√≥n a la salud mental de los j√≥venes.",2025-10-07 15:55:00+00:00,es,Mx,,,Negativo,Sheinbaum amenazas bomba falsas rector ,@Claudiashein @UNAM_MX @rosaicela_,0,0,187000,51,TRUE,https://x.com/politicomx/photo
1.9755905764952517e+18,@ballardo_ian,"Mi nota de hoy: Nuevamente, reportan otra amenaza de bomba contra la #UNAM, esta vez en la Prepa 8. Grupos de Facebook confirman desalojo de las instalaciones. En espera de comunicado. La crisis de inseguridad permanece.",2025-10-07 15:54:00+00:00,es,Mx,,,Negativo,#UNAM amenaza bomba Facebook desalojo,,0,0,40,258,FALSE,https://x.com/ballardo_ian/photo
1.975590545008501e+18,@JornadaSanLuis,"El secretario de Seguridad P√∫blica y Protecci√≥n Ciudadana, Omar Garc√≠a Harfuch, se√±al√≥ que la participaci√≥n de esta dependencia para atender esta situaci√≥n ‚Äúno tiene nada que ver con la autonom√≠a de la UNAM‚Äù.",2025-10-07 15:54:00+00:00,es,Mx,,,Negativo,Secretario Seguridad Harfuch autonom√≠a UNAM,,1,1,9441,1569,FALSE,https://x.com/JornadaSanLuis/photo
1.9755905268514163e+18,@DcshUam,"Pr√≥xima sesi√≥n del Seminario Interinstitucional de Historia Social.

20 de octubre, 17 horas (CDMX), modalidad virtual.

Organizan:
@CEHColmex
 (
@elcolmex
).
@UNAM_MX

Divisi√≥n de Ciencias Sociales y Humanidades (
@uamcuajimalpa
).

#SomosUAM",2025-10-07 15:54:00+00:00,es,Mx,,,Positivo,#SomosUAM sesi√≥n seminario institucional historia CDMX,"@CEHColmex @elcolmex
@UNAM_MX
@uamcuajimalpa
",0,0,1174,280,FALSE,https://x.com/DcshUam/photo
1.9755899913646328e+18,@_inwond3rland,La autonom√≠a de la UNAM se dobleg√≥ desde el sexenio pasado y ni se diga el Polit√©cnico Nacional... En fin.,2025-10-07 15:52:00+00:00,es,Mx,,,Negativo,Autonom√≠a UNAM sexenio polit√©cnico ,,0,1,22,103,FALSE,https://x.com/_inwond3rland/photo
1.9755899750023908e+18,@PublimetroMX,#Lo√öltimo | Otro ataque contra la #UNAM: desalojan Prepa 8 por amenaza de bomba,2025-10-07 15:52:00+00:00,es,Mx,,,Negativo,#Lo√öltimo prepa desalojan amenaza ataque bomba #UNAM,,1,0,732200,1197,TRUE,https://x.com/PublimetroMX/photo
1.9755888068134912e+18,@diariobasta,"#Importante üö®üö® | Continuar√°n las investigaciones en torno a las amenazas en la #UNAM

La Pdta. 
@Claudiashein
 inform√≥ que las amenazas en la m√°xima casa de estudios resultaron negativas

 ‚ÄúNo hubo ning√∫n riesgo real, pero seguimos atentos y en coordinaci√≥n con las autoridades universitarias‚Äù, dijo",2025-10-07 15:47:00+00:00,es,Mx,,,Negativo ,#Importante amenaza investigaciones #UNAM negativas,@Claudiashein,0,0,86900,1918,TRUE,https://x.com/diariobasta/photo
1.975588579888804e+18,@VOMNoticias,"#Nacional | CONFIRMAN QUE AMENAZAS DE BOMBA CONTRA LA UNAM FUERON FALSAS

La jefa de Gobierno, Claudia Sheinbaum, inform√≥ que las amenazas de bomba recibidas en distintos planteles de la UNAM fueron falsas.

Aunque no se encontr√≥ riesgo real, autoridades continuar√°n colaborando con la universidad para proteger a la comunidad estudiantil.

Adem√°s, la Fiscal√≠a General de la Rep√∫blica sigue investigando para dar con los responsables de estos actos.",2025-10-07 15:46:00+00:00,es,Mx,,,Negativo,#Nacional amenazas UNAM falsas Sheinbaum gobierno riesgo autoridades fiscal√≠a ,,0,0,7037,695,TRUE,https://x.com/VOMNoticias/photo
1.9755885526718958e+18,@AsiLaRepublica," Dos camiones del #Ej√©rcito entraron a #CU.
1Ô∏è‚É£ Uno respondi√≥ a una llamada al #911.
2Ô∏è‚É£ El otro‚Ä¶ ¬°se meti√≥ por #error!
üìç La #UNAM asegura que no hubo afectaciones y todo qued√≥ en susto.",2025-10-07 15:46:00+00:00,es ,Mx,,,Negativo ,#Ej√©rcito #CU #911 #Error #UNAM ,,0,0,14,27,TRUE,https://x.com/AsiLaRepublica/photo
1.9755884960320678e+18,@JornadaEdomex, La #UNAM aclar√≥ que la presencia del #Ej√©rcito en CU se debi√≥ a un error de ruta. Explic√≥ que quienes acudieron al llamado de emergencia por la amenaza de bomba en la Facultad de Ciencias Pol√≠ticas fueron elementos de la #GuardiaNacional,2025-10-07 15:46:00+00:00,es,Mx,,,Negativo,#UNAM #Ej√©rcito error amenaza bomba #GuardiaNacional ,,0,0,7699,69,TRUE,https://x.com/JornadaEdomex/photo
1.9755875830327378e+18,"@Reforma","#Ma√±anera 
@OHarfuch
 dijo que las primeras denuncias de amenaza de bomba en la UNAM las atendi√≥ la polic√≠a de la CDMX, pero que la Secretar√≠a de Seguridad colabora. En cualquier tipo de amenaza, primero se verifica la veracidad y gravedad de la llamada, pero ninguna se descarta, dijo.",2025-10-07 15:42:00+00:00,es,Mx,,,Negativo,#Ma√±anera denuncias amenaza bomba UNAM CDMX gravedad,@OHarfuch,0,4,3900000,144,TRUE,https://x.com/Reforma/photo
1.9755874301881262e+18,@LibretaNegraMx,"C√≥mo la UNAM Reinventa la Comunicaci√≥n Cient√≠fica: Synapsia #LaHojaSuelta con Daniela Fern√°ndez

YouTube: https://youtu.be/P4RwGzSTN5g

#CultivamosMemorias",2025-10-07 15:42:00+00:00,es,Mx,,,Neutro,UNAM reinventa comunicaci√≥n cient√≠fica #LaHojaSuelta #CultivamosMemorias,,0,0,8482,1842,FALSE,https://x.com/LibretaNegraMx/photo
1.975586606670082e+18,@vociferamx,"Ej√©rcito entr√≥ por equivocaci√≥n a CU; Guardia Nacional respondi√≥ a amenaza de bomba, informa la UNAM

La UNAM aclar√≥ que la presencia de un cami√≥n del Ej√©rcito mexicano en Ciudad Universitaria fue un error de ruta y no est√° relacionada con la amenaza de",2025-10-07 15:38:00+00:00,es,Mx,,,Negativo,Ej√©rcito equivocaci√≥n CU Guardia Nacional amenaza bomba UNAM error amenaza,,0,0,521,0,FALSE,https://x.com/vociferamx/photo
1.97558601313826e+18,@QuintanaRooHoy1,"#EnLaMa√±anera üßê| Sheinbaum confirma que las amenazas de bomba contra la UNAM fueron falsas.
üëÆ‚Äç‚ôÇÔ∏è Autoridades seguir√°n colaborando con la universidad.
üîç La FGR investiga qui√©n est√° detr√°s de estos mensajes.",2025-10-07 15:36:00+00:00,es,Mx,,,Negativo,#EnLaMa√±anera Sheinbaum amenazas bomba UNAM falsas FGR ,,0,0,21200,2198,FALSE,https://x.com/QuintanaRooHoy1/photo
1.975585800055063e+18,@informaticaHIBA,"‚ÄúLa realidad aumentada y los hologramas 3D est√°n redefiniendo la planeaci√≥n quir√∫rgica: m√°s precisi√≥n, colaboraci√≥n multidisciplinaria y aprendizaje remoto.
dice Samantha Fl√≥rez P√°ez (Hospital √Ångeles Universidad, UNAM) en las #JIS2025.",2025-10-07 15:35:00+00:00,es,Mx,,,Positivo,Realidad aumentada hologramas 3D quir√∫rgica multidiscplinaria,,0,0,3549,569,FALSE,https://x.com/informaticaHIBA/photo
1.9755856355334968e+18,@juscorrientes,"‚öñÔ∏è#JusCorrientes:üì£El presidente del #STJ recibi√≥ a docentes destacados de la Universidad Nacional Aut√≥noma de M√©xico 
@UNAM_MX
 üá≤üáΩüá¶üá∑
‚Ä¢La reuni√≥n institucional se realiz√≥ en el Sal√≥n de Acuerdos ‚ÄúPatria, Libertad y Constituci√≥n‚Äù.
.
üåê Leer m√°s: https://acortar.link/ZTzckm",2025-10-07 15:34:00+00:00,es,Mx,,,Neutro,#JusCorrientes #STJ presidente reuni√≥n,@UNAM_MX,0,0,4636,537,FALSE,https://x.com/juscorrientes/photo
1.9755852340840696e+18,@CapitalPueblaMx,"El estudiante de la 
@BUAPOficial
 Brandon N, que pretend√≠a atacar ‚ùå a otros alumnos, se inspir√≥ en el atentado en el CCH #UNAM y la masacre de Columbine, inform√≥ la fiscal especializada en violencia de g√©nero, Karla Michell Salas S√°nchez.

‚úîÔ∏è El joven est√° en prisi√≥n preventiva justificada.

V√≠a 
@abel_cuba",2025-10-07 15:33:00+00:00,es,Mx,,,Negativo,Estudiante atacar atentado CCH #UNAM masacre Columbine fiscal violencia g√©nero,@BUAPOficial @abel_cuba,1,0,14000,212,TRUE,https://x.com/CapitalPueblaMx/photo
1.975584792885281e+18,@moviendoideas,"#DesdePALACIO | El titular de la 
@SSPCMexico
 Omar Garc√≠a Harfuch (
@OHarfuch
) inform√≥ que tras la reciente llamada de amenaza de bomba en la UNAM, se llevaron acabo acciones en coordinaci√≥n con la instituci√≥n.",2025-10-07 15:31:00+00:00,es,Mx,,,Negativo,#DesdePALACIO amenaza bomba UNAM coordinaci√≥n Harfuch,@SSPCMexico @OHarfuch,0,0,4146,599,TRUE,https://x.com/moviendoideas/photo
1.9755845765640274e+18,@SoledadDurazo,"La presidenta descart√≥ que las amenazas de bombas de ayer en la UNAM fueran reales: 

""Fueron negativas todas las amenazas que se denunciaron ayer, que se hicieron p√∫blicas"", afirm√≥. 

Confirm√≥ que 
@rosaicela_
 se reuni√≥ con el rector para ver la situaci√≥n. En las √∫ltimas semanas, la 
@UNAM_MX
 ha tenido varios casos de violencia: el asesinato de un estudiante, la desaparici√≥n de una alumna y las protestas en el Centro Cultural Universitario. ¬øQu√© pasa con la M√°xima Casa de Estudios?
",2025-10-07 15:30:00+00:00,es,Mx,,,Negativo,Amenazas bombas UNAM violencia asesinato ,"@rosaicela_ @UNAM_MX
",0,0,38500,4065,FALSE,https://x.com/SoledadDurazo/photo
1.9755844675875843e+18,@SUDIMER_UNAM,"#AGENDASUDIMER

Les invitamos al Panel ""Nuevos temas de la agenda migratoria en Am√©rica del Norte. Transnacionalismo, narrativas y resistencia migratoria"" 

üìÖ 15/10/25
üïê 13:00 a 15:00 hrs (CDMX)
üìçAuditorio Hermila Galindo, FES Arag√≥n, UNAM
‚úâÔ∏è: comunicacion.sudimer@gmail.com",2025-10-07 15:30:00+00:00,es,Mx,,,Neutro,#AGENDASUDIMER agenda migratoria Am√©rica Norte Transnacionalismo resistencia FES Arag√≥n UNAM,,0,0,2459,1153,FALSE,https://x.com/SUDIMER_UNAM/photo
1.975583557801083e+18,@El_Chamuco,El secretario de Seguridad y Protecci√≥n Ciudadana explica el procedimiento en caso de una alarma de bomba. Aprovecha para explicar sobre el avistamiento de una unidad del ej√©rcito dentro de la UNAM.,2025-10-07 15:26:00+00:00,es,Mx,,,Negativo,Secretario Protecci√≥n Ciudadana alarma bomba ej√©rcito UNAM,,1,2,222000,472,TRUE,https://x.com/El_Chamuco/photo
1.9755835512583007e+18,@Hector_Zarinana,"üì¢ No hubo ning√∫n tipo de operaci√≥n militar en la UNAM: 
@OHarfuch
 

#Ma√±aneraDelPueblo",2025-10-07 15:26:00+00:00,es,Mx,,,Negativo,Operaci√≥n Militar UNAM #Ma√±aneraDelPueblo,@OHarfuch,1,1,13900,9300,TRUE,https://x.com/Hector_Zarinana/photo
1.975583393384702e+18,@IGeografiaUNAM,"#IGgenMedios

La posverdad y la proliferaci√≥n de noticias falsas exigen claridad y veracidad.
Por ello, la UNAM inaugura #PATIOLab - El Laboratorio Universitario de Cartograf√≠a Social y Arquitectura Forense.",2025-10-07 15:26:00+00:00,es,Mx,,,Neutro,#IGgenMedios  #PATIOLab posverdad noticias falsas UNAM laboratorio cartograf√≠a social arquitectura forense,,0,2,51100,4308,FALSE,https://x.com/IGeografiaUNAM/photo
1.9755830269031956e+18,@greta2048,"Los de la macroeconom√≠a, los de los n√∫meros que miden, los de la definiciones de pobreza con 2, 3, o n indicadores. Los refugidos en el colmex, en la UNAM. 
Los rescatados, abanderados morenos de la izquierda woke, los de la palabra contenida!",2025-10-07 15:24:00+00:00,es,Mx,,,Negativo,Econom√≠a n√∫mero pobreza Colmex UNAM,,1,1,252,762,FALSE,https://x.com/greta2048/photo
1.97558300857403e+18,@elcharronegr0,"Dice Claudia que ya habrio carpeta de investigaci√≥n... Los padres de familia y el estudiantado PUEDEN ir en paz üïäÔ∏è.

#UNAM 
#GruposdeChoque 
#Omision",2025-10-07 15:24:00+00:00,es,Mx,,,Negativo,"#UNAM 
#GruposdeChoque 
#Omision Claudia Sheinbaum investigaci√≥n paz",,0,0,272,175,FALSE,https://x.com/elcharronegr0/photo
1.9755825599677972e+18,@updateme_news,"La UNAM se destac√≥ en los Campeonatos Nacionales Universitarios ANUIES 2025 al obtener una medalla de oro en aerodance, dos de plata en grupo y tr√≠o, y una de bronce en individual femenil.",2025-10-07 15:22:00+00:00,es,Mx,,,Positivo,UNAM campeonatos  ANUIES ,,0,0,1195,516,FALSE,https://x.com/updateme_news/photo
1.9755693008081882e+18,@Gaceta_UNAM,"Ven, ac√©rcate, te escuchamos, y podemos ayudarte con tu #SaludMental.

El a√±o pasado atendimos a 5 mil personas (mujeres, hombres y no binarias): el 75% mostr√≥ mejor√≠as emocionales y acad√©micas.

Tenemos 150 especialistas en psicolog√≠a en 31 sedes, incluyendo prepas y CCHs.",2025-10-07 14:30:00+00:00,es,Mx,,,Positivo,ac√©rcate escuchamos ayudarte #SaludMental psicolog√≠a CCH,,3,4,116600,305,TRUE,https://x.com/Gaceta_UNAM/photo
1.9755668239500454e+18,@UNAM_MX,"#UnD√≠aComoHoy se conmemora el D√≠a Mundial del Algod√≥n, iniciativa proclamada por la ONU en 2021. La escritora Cristina Rivera Garza analiz√≥ el triunfo algodonero en la frontera norte mexicana, en la d√©cada de 1930, relacion√°ndolo con la sustentabilidad >",2025-10-07 14:20:00+00:00,es,Mx,,,Positivo,#UnD√≠aComoHoy D√≠a algod√≥n ONU algodonero frontera ,,7,19,3400000,675,TRUE,https://x.com/UNAM_MX/photo
1.9753329260460198e+18,@PPedagogia_UNAM,"Presentaci√≥n del libro:

""Ser maestro en los m√°rgenes. Trabajo docente y violencia criminal  en la Tierra Caliente de Michoac√°n ""
Auditorio  D de la Unidad UPN 092 Ajusco.

Se transmitir√° por Youtube UPN M√©xico el mi√©rcoles 08 de octubre a las 12:00 horas de la Ciudad de M√©xico",2025-10-06 22:50:00+00:00,es,Mx,,,Positivo,Presentaci√≥n libro maestro trabajo docente Ajusco M√©xico ,,0,0,108,67,FALSE,https://x.com/PPedagogia_UNAM/photo
1.9753324002477962e+18,@VChKBolchevique,La UNAM necesita de una organizaci√≥n estudiantil y docente urgente para hacer frente a los embates del Estado y su propia clase dirigente. No es casualidad que ahora existan amenazas de bombas en todas las facultades. Son atentados contra la educaci√≥n p√∫blica.,2025-10-06 22:48:00+00:00,es,Mx,,,Negativa,UNAM organizaci√≥n estudiantil amenazas educaci√≥n,,0,0,6352,154,FALSE,https://x.com/VChKBolchevique/photo
1.9753322614459886e+18,@narvichas,"Qu√© tonter√≠a. La UNAM no es un pa√≠s. ¬øNunca has ido a un partido de futbol en CU? Esa ‚Äúautonom√≠a‚Äùse viola cada dos domingos. Si te detienen no te llevan a un calabozo abajo de rector√≠a, por cierto.",2025-10-06 22:48:00+00:00,es,Mx,,,Negativo,Tonter√≠a UNAM pa√≠s autonom√≠a,,0,2,3260,1747,TRUE,https://x.com/narvichas/photo
1.9753317356309832e+18,@MexicoalDerecha,"VUELVEN A DESALOJAR ALUMNOS DE LA UNAM POR AMENAZA DE BOMBA; SIGUEN SIN AUMENTAR MEDIDAS DE SEGURIDAD
üëáüëáüëá

La Facultad de Ciencias Pol√≠ticas y Sociales de la UNAM fue desalojada por alerta de bomba tras aparecer un mensaje en los ba√±os advirtiendo sobre un artefacto explosivo.
Autoridades activaron el protocolo universitario, bomberos y seguridad revisaron el plantel, pero al cierre de los reportes no se inform√≥ hallazgo alguno del artefacto.
El desalojo se da en medio de otras amenazas recientes en planteles de la UNAM y tras el asesinato de un alumno en CCH Sur, lo que intensifica la percepci√≥n de crisis de seguridad dentro del campus.

Ahhh pero ah√≠ andan enviando comunicados pedorros a favor del terrorismo en palestina.

ASCO DE UNIVERSIDAD, ARRUINADA Y CONVERTIDA EN NIDO DE ZURDOS",2025-10-06 22:46:00+00:00,es ,Mx ,,,Negativo,UNAM amenaza bomba medidas seguridad explosivo autoridades bombero ,,0,1,1551,81,TRUE,https://x.com/MexicoalDerecha/photo
1.9753314879869545e+18,@ATBDigital,"La Universidad Nacional Aut√≥noma de M√©xico (UNAM) activ√≥ este lunes su protocolo por la presunta colocaci√≥n de un artefacto explosivo dentro de las instalaciones en la Facultad de Ciencias Pol√≠ticas y Sociales (FCPyS), informaron medios locales.

#ATBDigital #ATBNoticias
",2025-10-06 22:45:00+00:00,es,Mx,,,Negativo,Universidad Aut√≥noma M√©xico protocolo artefacto explosivo #ATBDigital #ATBNoticias,,0,0,5307000,8,FALSE,https://x.com/ATBDigital/photo
1.9753314834903368e+18,@DeporteUNAM,"Realiza tu servicio social o pr√°cticas profesionales con nosotros ü´∂üèº¬°Tenemos varios programas!‚¨áÔ∏è

üìå Consulta los requisitos completos en: http://deporte.unam.mx

‚ÑπÔ∏è serviciosocial@deporte.unam.mx
55 56 22-22 22 ext. 40 420

#SoyDeporteUNAM",2025-10-06 22:45:00+00:00,es ,Mx,,,Neutro,#SoyDeporteUNAM servicio social pr√°cticas profesionales,,0,1,89700,657,FALSE,https://x.com/DeporteUNAM/photo
1.9753282078732206e+18,@DiputadosMorena,"üì¢ ¬°Atenci√≥n, juventud universitaria!

Este viernes 10 de octubre se llevar√° a cabo el segundo ‚ÄúModelo Parlamentario de la UNAM‚Äù en la 
@Mx_Diputados
.
El coordinador 
@RicardoMonrealA
 impulsa este espacio para que las y los j√≥venes se formen pol√≠ticamente desde el lugar donde se construyen las leyes de nuestro pa√≠s. üá≤üáΩ

¬°Si fuiste seleccionad@, aqu√≠ te esperamos! 

#claudiasheinbaum #morena #camaradediputados",2025-10-06 22:31:00+00:00,es,Mx,,,Neutro,Juventud universitaria parlamentario UNAM j√≥venes formen pol√≠ticamente #claudiasheinbaum #morena #camaradediputados,@Mx_Diputados @RicardoMonrealA,0,0,165900,412,TRUE,https://x.com/DiputadosMorena/photo
1.9753277094807882e+18,@mexico_alminuto,"Estudiantes de la Escuela Nacional Preparatoria No. 6 de la UNAM 
@UNAM_MX
 , fueron desalojados este lunes 6 de octubre por una presunta 4m3naza de artefacto expl0sivo dentro del plantel ubicado en la alcald√≠a Coyoac√°n, colonia Del Carmen.

Tras la alerta se activaron los protocolos de seguridad: se restringi√≥ el acceso en coordinaci√≥n con la 
@SSC_CDMX
 , Protecci√≥n Civil y el agrupamiento ‚ÄúZorros‚Äù.

De acuerdo con los primeros informes, hasta ahora, no se ha reportado hallazgo de expl0sivos en el inmueble.

Este mismo d√≠a, alumnos de la Facultad de Ciencias Pol√≠ticas y Sociales de la UNAM tambi√©n fueron desalojados por las mismas causas.

Informaci√≥n de M√©xico al Minuto.

#MexicoalMinuto #seguridadaescolar #alerta #cdmx",2025-10-06 22:30:00+00:00,es ,Mx,,,Negativo,Estudiantes Escuela Nacional Preparatoria desalojados  4m3naza expl0sivo Coyoac√°n protocolos,@UNAM_MX @SSC_CDMX,0,1,13100,1450,TRUE,https://x.com/mexico_alminuto/photo
1.9753265361245394e+18,@refraccion2013,"@UNAM_MX
  
@IPN_MX
 
@lauammx
 pobres estudiantes no entienden que es rep√∫blica , que es autonom√≠a , que es izquierda represora, ojal√° no aprendan demasiado tarde, y a cambio de su libertad les damos t√≠tulos sin tesis , recuerden este gobierno corrompe a todos para doblarlos",2025-10-06 22:25:00+00:00,es,Mx,,,Negativo,Pobres estudiantes rep√∫blica autonom√≠a izquierda represora libertad,"@UNAM_MX
  
@IPN_MX
 
@lauammx",0,0,3154,3312,FALSE,https://x.com/refraccion2013/photo
1.9753261986464115e+18,@RedLibreNoticia,"‚ö†Ô∏è #Ent√©rate | Desalojan la Facultad de Ciencias Pol√≠ticas y Sociales de la #UNAM por nueva amenaza de bomba.
Autoridades realizaron operativo de revisi√≥n.
#Seguridad",2025-10-06 22:24:00+00:00,es ,Mx,,,Negativo,#Ent√©rate Facultad Ciencias autoridades operativo #Seguridad,,0,0,675,66,FALSE,https://x.com/RedLibreNoticia/photo
1.9753257009672768e+18,@cousunam,"Seminario Permanente de las Ciencias Sociales SEPERCIS 2025

üëâMesa de An√°lisis ""Medio ambiente, sustentabilidad y energ√≠as renovables""
üóìÔ∏è 14 de octubre 
‚åöÔ∏è 17:30 horas
üìçSala 1 del Edificio de los Consejos Acad√©micos de √Årea

Transmisi√≥n: YouTube CAACS UNAM",2025-10-06 22:22:00+00:00,es,Mx,,,Neutro,Seminario Permenante Ciencias Sociales medio ambiente sustentabilidad energ√≠as renovables ,,0,0,4751,788,FALSE,https://x.com/cousunam/photo
1.975324805994836e+18,@Wongui,"En momentos de r√≠o revuelto ‚Ä¶
No ayuda que un cami√≥n del Ej√©rcito haya entrado esta ma√±ana a CU como atajo para evitar el tr√°nsito en inmediaciones de la ‚Å¶
@UNAM_MX
‚Å© ‚Ä¶",2025-10-06 22:18:00+00:00,es ,Mx,,,Negativo,Cami√≥n ej√©rcito CU,@UNAM_MX,1,5,7708,5094,TRUE,https://x.com/Wongui/photo
1.9753244419043574e+18,@MVSNoticias,"La 
@UNAM_MX
 y el 
@stunam
 instalaron formalmente la mesa de negociaci√≥n para la revisi√≥n salarial, con vigencia del 1 de noviembre de 2025 al 31 de octubre de 2026. En el auditorio de la Direcci√≥n de Relaciones Laborales, el secretario Administrativo de la Universidad de la naci√≥n, Tom√°s Humberto Rubio P√©rez, y el secretario General del STUNAM, Carlos Hugo Morales Morales, expresaron su voluntad para encontrar, a trav√©s del di√°logo y el trabajo conjunto, los mejores resultados en beneficio del personal administrativo de esta casa de estudios.",2025-10-06 22:17:00+00:00,es,Mx,,,Neutro,Mesa negociaci√≥n reivis√≥n salarial STUNAM di√°logo,@UNAM_MX @stunam,1,1,1800000,2999,TRUE,
1.9753214178024576e+18,@ColegioNal_mx,"#MA√ëANA en el AULA MAYOR

üî∏ Martes 7 de octubre ¬∑ 18 h #entradalibre
üî∏ Ciclo: Tenochtitlan, origen y destino
üî∏ Coordina: Eduardo Matos Moctezuma
üî∏ Participa: Miguel Pastrana Flores (
@UNAM_Historicas
)

üìç Actividad presencial

üåê https://colnal.mx/agenda/tenochtitlan-origen-y-destino-7-de-octubre/

#LibertadPorElSaber 
@ciesas
 
@MusTemploMayor
 
@LeoLopezLujan",2025-10-06 22:05:00+00:00,es,Mx,,,Neutro,#Ma√±ana AULA MAYOR #EntradaLibre Moctezuma Tenochtitl√°n #LibertadPorElSaber,@ciesas @MusTemploMayor @LeoLopezLujan @UNAM_Historicas,0,2,54400,808,TRUE,https://x.com/ColegioNal_mx/photo
1.9753210354961697e+18,@DominioPblico3,Siguen amenazas contra la UNAM; hoy tres desalojos por amenazas de bomba,2025-10-06 22:03:00+00:00,es,Mx,,,Negativo,Amenazas UNAM bomba,,0,1,17600,50,TRUE,https://x.com/DominioPblico3/photo
1.9753192716822943e+18,"@Expresoweb","A trav√©s de un comunicado, la M√°xima Casa de Estudios explic√≥ que, tras el hecho, se activaron los protocolos de seguridad del plantel, por lo que no permiten el acceso a personal de la Secretar√≠a de Seguridad Ciudadana de la Ciudad de M√©xico (SSC-CDMX).",2025-10-06 21:56:00+00:00,es,Mx,,,Negativo,M√°xima Casa Estudios protocolos seguridad SSC-CDMX,,0,0,25200,0,TRUE,https://x.com/Expresoweb/photo
,,"üö® #AlMomento | Poco antes de las 15:00 h reabren las puertas de la 
@UNAM_FCPyS
 tras el desalojo de esta ma√±ana por una falsa amenaza de bomba.

@Judyonce
 en #OnceNoticiasDigital üîª",2025-10-06 20:56:00+00:00,es ,Mx,,,Negativo ,#AlMomento desalojo ma√±ana amenaza bomba  #OnceNoticiasDigital,@UNAM_FCPyS @Judyonce,3,9,149800,648,TRUE,https://x.com/OnceNoticiasTV/photo
1.975302160561947e+18,@ImagenTVMex,"Desalojan la Facultad de Ciencias Pol√≠ticas de la #UNAM por amenaza de bomba y, tras los paros ocurridos luego del ataque en el #CCHSUR, hoy reanudaron las actividades acad√©micas 39 planteles de educaci√≥n media y superior de la UNAM.

#YoTeVeo #ImagenNoticias con 
@MendivilCrystal
 
@imagen_crystal
",2025-10-06 20:48:00+00:00,es ,Mx,,,Negativo ,Desalojan Facultad Ciencias Pol√≠ticas #UNAM amenaza bomba #TeVeo #ImagenNoticias,@MendivilCrystal @imagen_crystal,4,2,675700,378,TRUE,https://x.com/ImagenTVMex/photo
1.9752954598467136e+18,@laoctavadigital,"#EnVivo I Reanudan clases 39 de las 45 escuelas de la 
@UNAM_MX
 que manten√≠an paro por amenazas contra la comunidad estudiantil y por los hechos de violencia en contra de un estudiante en el 
@cchsur_oficial
.

üéôÔ∏è
@Ilse_Asecas


#LaOctava con 
@Biankguirre
:https://tinyurl.com/y8u4vjze",2025-10-06 20:21:00+00:00,es,Mx,,,Negativo,Reanudan clases amenazas comunidad estudiantil #LaOctava,"@cchsur_oficial @Ilse_Asecas
@Biankguirre",2,3,154000,7,FALSE,https://x.com/laoctavadigital/photo
1.9752936373965092e+18,@LauraToribio2," La FES Iztacala de la UNAM fue desalojada este lunes tras recibirse un nuevo mensaje que alertaba sobre una posible situaci√≥n de riesgo.

Es el tercer plantel universitario desalojado en el d√≠a, junto con Pol√≠ticas y Prepa 6.
#UNAM",2025-10-06 20:14:00+00:00,es ,Mx,,,Negativo,Fes Iztacala UNAM desalojada mensaje riesgo aniversario #UNAM ,,18,24,655,445,FALSE,https://x.com/LauraToribio2/photo
1.975290734250238e+18,@LauraToribio2,"üö® Exclusiva
Fuentes de la UNAM confirmaron que un cami√≥n del Ej√©rcito ingres√≥ brevemente a CU este lunes por Av. de los Im√°n, tras desviarse de su ruta.

‚è∞ Estuvo de 9:07 a 9:13 h y sali√≥ por Delf√≠n Madrigal.",2025-10-06 20:03:00+00:00,es ,Mx,,,Negativo,UNAM cami√≥n Ej√©rcito CU,,24,37,445,653,FALSE,https://x.com/LauraToribio2/photo
1.9752779892787612e+18,@PUEC_UNAM,El #D√≠aMundialdelH√°bitatüè°üåèse celebra el 1er lunes de octubre cada a√±o para reflexionar sobre el estado de las urbes y el derecho de tod@s a una vivienda adecuada. Este 2025 est√° dedicado a dar respuestas sostenibles a las crisis urbanas causadas por desplazamientos forzados.,2025-10-06 19:12:00+00:00,es ,Mx,,,Positivo, #D√≠aMundialdelH√°bitat octubre reflexionar urbes,,0,0,8519,3013,FALSE,https://x.com/PUEC_UNAM/photo
1.9752836723171164e+18,@filos_unam,"#UnGoyapara üé¨ Fernanda Valadez, egresada del Colegio de Estudios Latinoamericanos de la Facultad de Filosof√≠a y Letras, por obtener el Ariel a Mejor Direcci√≥n por el largometraje ""Sujo"", en codirecci√≥n con Astrid Rondero y coproducci√≥n de la UNAM.

üèÜ ""Sujo"" tambi√©n fue galardonada con el Ariel a Mejor Pel√≠cula, donde igualmente participa Sandra Lorenzano profesora de la #ComunidadFilos

#SomosFilosUNAM #OrgulloUNAM
",2025-10-06 19:03:00+00:00,es,Mx,,,Positivo,#UnGoyapara  Fernanda Valadez Estudios Latinoamericanos Filosof√≠a Ariel  galardonada Pel√≠cula #SomosFilosUnam #OrgulloUNAM,,2,4,33100,408,TRUE,https://x.com/filos_unam/photo
1.9752745504399278e+18,@infodemiaMex,"‚ùåFalso que el Ej√©rcito Mexicano entr√≥ a Ciudad Universitaria para realizar un operativo

‚úÖEl video que circula en redes sociales corresponde al tr√°nsito de una unidad de las Fuerzas Armadas en las inmediaciones de la 
@UNAM_MX
 , no llegando a la Facultad de Ciencias Pol√≠ticas y Sociales para realizar alguna intervenci√≥n u operativo.",2025-10-06 18:58:00+00:00,es,Mx,,,Neutro,Ej√©rcito Mexicano Ciudad Universitaria operativo falso,@UNAM_MX,4,9,44300,112,TRUE,https://x.com/infodemiaMex/photo
1.975271910150976e+18,@SPRInforma,"#CDMX

La 
@UNAM_MX
 anunci√≥ que este 6 de octubre se reanudaron las clases en 39 de los 45 planteles de educaci√≥n media superior y superior de la instituci√≥n. Adem√°s, inform√≥ que las actividades se retomaron tras una semana de di√°logo entre la comunidad, esto despu√©s de que las escuelas se mantuvieron en paro por el incidente registrado el pasado 23 de septiembre en el CCH Sur.",2025-10-06 18:48:00+00:00,es,Mx,,,Negativo,#CDMX reanudaron clases planteles di√°logo comunidad escuela CCH ,,3,5,14600,740,TRUE,https://x.com/SPRInforma/photo
1.9752702184916995e+18,@tesiture,"Hoy, amenaza de bomba al menos en la 
@UNAM_FCPyS
 y en la 
@prepa6_unam
. ¬øA qui√©n le interesa vaciar la universidad?",2025-10-06 18:41:00+00:00,es,Mx,,,Negativo,Amenaza bomba universidad,@UNAM_FCPyS @prepa6_unam,17,61,24000,1473,FALSE,https://x.com/tesiture/photo
1.975259765094974e+18,@CulturaUNAM,"La tragedia de Giselle cobr√≥ nueva vida en una versi√≥n del 
@TCUNAMOficial
 que  retoma el cl√°sico del #ballet desde la actualidad y denuncia los feminicidios en M√©xico. 

""Giselle: las que no volvieron"", un potent√≠simo #estreno en el #FestivalCulturaUNAM.
",2025-10-06 18:00:00+00:00,es,Mx,,,Neutro,Cl√°sico #Ballet actualidad feminicidios M√©xico,@TCUNAMOficial,3,4,1900000,1569,TRUE,https://x.com/CulturaUNAM/photo
1.9752560070572567e+18,"@UNAM_MX
","#Bolet√≠nUNAM Hoy reanudan clases 39 de los 45 planteles de educaci√≥n media superior y superior de la UNAM. Las actividades se retomaron tras una semana de di√°logo, escucha y trabajo colaborativo con la participaci√≥n de la comunidad > https://acortar.link/yiwDNG",2025-10-06 17:45:00+00:00,es,Mx,,,Positivo,#BoletinUnam clases reanudan UNAM dialogo,,16,25,3400000,675,TRUE,https://x.com/UNAM_MX/photo
1.97525439849137e+18,@SGIRPC_CDMX,"Distribuci√≥n espacial de las temperaturas m√≠nimas registradas el 06-10-2025, por las redes de la SGIRPC, CONAGUA, SENEAM y PEMBU-UNAM.

#LaPrevenci√≥nEsNuestraFuerza",2025-10-06 17:38:00+00:00,es,Mx,,,Neutro,#LaPrevenci√≥nEsNuestraFuerza temperaturas  SGIRPC CONAGUA SENEAM PEMBU-UNAM,,0,6,1100000,569,TRUE,https://x.com/SGIRPC_CDMX/header_photo
1.975246974795547e+18,@LupitaJuarezH,üö®üî¥ Desalojan la Facultad de Ciencias Pol√≠ticas y Sociales #FCPyS #UNAM ante presunta amenaza de bomba.,2025-10-06 17:09:00+00:00,es,Mx,,,Negativo,#FCPyS #UNAM amenaza bomba desalojan,,17,22,115400,4977,TRUE,https://x.com/LupitaJuarezH
1.9752403511588662e+18,@esprimeralinea,"#CDMX üî¥|| Estudiantes de la Facultad de Ciencias Pol√≠ticas y Sociales (FCPyS) de la UNAM fueron desalojados tras encontrar un mensaje amenazante de bomba en los sanitarios. La revisi√≥n con Protecci√≥n Civil y bomberos confirm√≥ la ausencia de artefactos; la facultad no ha confirmado la reanudaci√≥n de actividades presenciales, en medio de tensiones por violencia.
Lee m√°s",2025-10-06 16:42:00+00:00,es ,Mx,,,Negativo,estudiantes Facultad Ciencias Pol√≠ticas FCPyS UNAM bomba #CDMX,,3,5,9134,286,TRUE,https://x.com/esprimeralinea/photo
1.9752380062241674e+18,@XQestendenciaMX,"üö® UNAM :
Porque hubo un desalojo en la facultad tras una amenaza de bomba por los grupos de red pills.
üíä
¬øPero qu√© son? 
ü§î
Unos vatos que jam√°s han c0gido y  creen que son reprimidos por la sociedad, mientras nadie los topa por timidos.
üè≥Ô∏è‚Äçüåà
Lex Ashton era uno de ellos. 
üíÄ
#RT #TioTendencias #LaCasaDeLosFamososMx #cchsur #MorenaEsUnPeligroParaMexico https://x.com/XQestendenciaM/XQestendenciaMX/status/1970250290323423474
",2025-10-06 16:33:00+00:00,es,Mx,,,Negativo,UNAM desalojo facultad Lex Ashton bomba red pills #RT #TioTendencias #LaCasaDeLosFamososMx #cchsur #MorenaEsUnPeligroParaMexico,,3,10,84400,10,TRUE,https://x.com/XQestendenciaMX/photo
1.9752371127912817e+18,@Gaceta_UNAM,"Necesaria, intervenci√≥n de familiares y docentes ante s√≠ntomas de una enfermedad mental en adolescentes.

Vivimos los saldos de una generaci√≥n afectada por la pandemia de la Covid-19: Mar√≠a Elena Media-Mora ‚û°Ô∏è  https://t.ly/Gko-P

#SaludMental",2025-10-06 16:30:00+00:00,es,Mx,,,Negativo,#SaludMental familiares docentes enfermedad mental adolescentes generaci√≥n pandemia Covid-19,,1,1,119500,305,TRUE,https://x.com/Gaceta_UNAM/photo
1.9752342842197038e+18,@LaCronicaDeHoy,"La Facultad de Ciencias Pol√≠ticas y Sociales de la 
@UNAM_MX
 fue evacuada esta ma√±ana por una amenaza de explosivo dentro de las instalaciones. 

Este fue el comunicado de la M√°xima Casa de Estudios üëá

üìπ | Viviana Pineda / X",2025-10-06 16:18:00+00:00,es,Mx,,,Negativo ,Facultad amenaza explosivo,@UNAM_MX,4,10,179500,740,TRUE,https://x.com/LaCronicaDeHoy/photo
1.975230533618586e+18,@maximoam_,"Sorprende ej√©rcito a estudiantes de 
@UNAM_MX
.

Por la ma√±ana, la Facultad de 
@UNAM_FCPyS
 fue cerrada por una AMENZA de bomba. Ahora, circulan im√°genes de 
@Defensamx1
 en CU mismas que est√°n siendo difundidas en grupos y chats de alumnos.",2025-10-06 16:03:00+00:00,es,Mx,,,Negativo,Ej√©rcito estudiantes amenaza bomba CU ,@UNAM_MX @UNAM_FCPyS @Defensamx1,16,29,17800,1246,TRUE,https://x.com/maximoam_/photo
1.97522435374386e+18,@moy_qmac,"Hace dos a√±os me daban mi titulo de especialidad (un a√±o despu√©s de titularme).

Como me gradu√© con honores (aunque usted no lo crea soy una riata) use los ropajes ceramoniales de la U√ëAM. 

El wero panz√≥n de atras es mi hijo.",2025-10-06 15:39:00+00:00,es ,Mx,,,Positivo,T√≠tulo especialidad gradu√© hijo,,7,748,7037,96,FALSE,https://x.com/moy_qmac/photo
1.975221655078134e+18,@josuealeexis,"#AlMomentoüö®I Desalojan a alumnos de la Facultad de Ciencias Pol√≠ticas y Sociales de la #UNAM por supuesta amenaza de bomba, que hasta el momento no ha sido confirmada por las autoridades acad√©micas ni de la #CDMX

El rector, Leonardo Lomel√≠, reitera que ""tomar√°n en serio"" cualquier amenaza. 
@UNAM_MX
 

üì∏
@Malvad0Profe
 
#√öltimaHora #Urgente #Emergency #M√©xico",2025-10-06 15:28:00+00:00,es ,Mx,,,Negativo,#AlMomento desalojan alumnos facultad rector Leonardo Lomel√≠ amenaza #√öltimaHora #Urgente #Emergency #M√©xico,@UNAM_MX @Malvad0Profe,7,28,4768,1876,TRUE,https://x.com/josuealeexis/photo
1.9752174012614085e+18,@Javier_Alatorre,Otra amenaza de explosivos en la UNAM. Desalojaron la Facultad de Ciencias Pol√≠ticas por una advertencia de bomba en los ba√±os. El rector Leonardo Lomel√≠ dice que se tomar√°n en serio cualquier amenaza.,2025-10-06 15:11:00+00:00,es ,Mx,,,Negativo,Amenaza explosivos UNAM desalojaron Facultad Ciencias Pol√≠ticas bomba,,80,225,3800000,590,TRUE,https://x.com/Javier_Alatorre/photo
1.9752168892542938e+18,@sevillacritico,"‚≠ïÔ∏è ¬°INAUDITO!

üî•Cr√≠menes, amenazas de bomba, actos violentos graves, asesinatos, feminicidios, incremento de la delincuencia, narcomenudeo, tensi√≥n, inseguridad.

No, no en Palestina.

¬øSabe d√≥nde? ¬°En la 
@UNAM_MX
, la m√°xima casa de estudios!",2025-10-06 15:09:00+00:00,es,Mx,,,Negativo,Inaudito Cr√≠menes Amenaza bomba violentos graves Palestina ,@UNAM_MX,40,73,60300,2492,TRUE,https://x.com/sevillacritico/photo
1.9752144638599826e+18,@Ciencia_UNAM,"#Salud | As√≠ como nos preocupa el buen funcionamiento de los ojos, la boca, el est√≥mago o los huesos, la salud del #cerebro es vital
#UNAMirada a la ciencia te cuenta c√≥mo cuidarlo: https://lc.cx/71Bc1S
+ informaci√≥n sobre el cerebro: https://lc.cx/fM0UyD
#Par√°lisisCerebral",2025-10-06 15:00:00+00:00,es,Mx,,,Neutro,#Salud #UnaMirada #Par√°lisisCerebral cerebro informaci√≥n ciencia ,,13,22,658400,551,FALSE,https://x.com/Ciencia_UNAM/photo
1.9752120067905664e+18,@UNAM_MX,"En el marco del 125 aniversario del nacimiento de Antonieta Rivas Mercado, 
@SanIldefonsoMx
 te espera con un #Curso para explorar su labor como promotora de la cultura mexicana > https://acortar.link/0pBVpo
#AgendaUNAM",2025-10-06 14:50:00+00:00,es,Mx,,,Positivo,Aniversario Antonieta Rivas #Curso labor promotora cultura mexicana #AgendaUNAM ,@SanIldefonsoMx,4,15,3400000,675,TRUE,https://x.com/UNAM_MX/photo
1.9752096372901563e+18,@galindozip,"Tras 2 a√±os de trabajo y con el esfuerzo de muchos: Se aprob√≥ en la UNAM el PRIMER Posgrado de Alta Especialidad en:  

NEFROLOGIA CRITICA y TERAPIAS EXTRACORPOREAS

Con sede en el Hospital General de M√©xico  üá≤üáΩ/ marzo 2026/ Atentos nefr√≥logos e intensivistas a la convocatoria.",2025-10-06 14:40:00+00:00,es,Mx,,,Positvo ,UNAM posgrado especialidad nefrolog√≠a terapias hospital M√©xico convocatoria,,45,312,3889,421,FALSE,https://x.com/galindozip
1.9751993640174636e+18,@RadioUNAM,"#RadioUNAMRecuerda que un d√≠a como hoy, en 1907, naci√≥ Francisco Gabilondo Soler, Cri-Cri, cuya imaginaci√≥n musical dio vida a un universo de personajes, ritmos y relatos que acompa√±aron la infancia de generaciones mexicanas.  üé∂ü¶óüëßüë¶
 ¬øCu√°l de sus canciones es tu favorita?",2025-10-06 14:00:00+00:00,es,Mx,,,Positivo,#RadioUNAMRecuerda Cri-Cri imaginaci√≥n musical ,,9,23,262200,1242,FALSE,https://x.com/RadioUNAM/photo
1.9752616188008655e+18,@ImagenTVDeporte,"¬øSE ACAB√ì LA CONFIANZA?

Efra√≠n Ju√°rez no logra levantar el barco con los Pumas y la afici√≥n parece estar perdiendo la paciencia.

#Pumas #UNAM #LigaMX",2025-10-06 12:07:00+00:00,es,Mx,,,Negativo,#Pumas #UNAM #LigaMX confianza,,0,1,"55,9",296,FALSE,https://x.com/ImagenTVDeporte/photo
1.9749873815948616e+18,@Al3xFlores_,"La falta de credencializaci√≥n y seguridad en la UNAM ha permitido la entrada de grupos criminales y el aumento de la violencia, con tr√°gicos incidentes ocurridos en diversos planteles. #UNAM #SeguridadUniversitaria
",2025-10-05 23:57:00+00:00,es,Mx,,,Negativo,UNAM seguridad grupos criminales violencia #UNAM #SeguridadUniversitaria,,28,111,6532,154,TRUE,https://x.com/Al3xFlores_/photo
1.9749873812844547e+18,@EnLaLupaQro,"¬øLa hist√≥rica marcha por la Matanza de Tlatelolco se sigue realizando desde la reflexi√≥n o es s√≥lo una costumbre desprovista de impacto pol√≠tico? Se cuestiona Abel Mart√≠nez #DesdeLaUNAM 
@EnLaLupaQro
 
https://lalupa.mx/2025/10/05/2-de-octubre-no-se-olvida-abel-martinez-hernandez/
@UNAM_Juriquilla
 
@Cfata_Unam
 
@Ciencia_UNAM
 
@EnesJuriquilla
 
@IIUNAM
 
@educonciencias
 
@uaj_ii_UNAM
 
@GeocienciasUNAM
",2025-10-05 23:57:00+00:00,es,Mx,,,Negativo,matanza Tlatelolco reflexi√≥n pol√≠tico #DesdeLaUNAM ,"@EnLaLupaQro @UNAM_Juriquilla @Cfata_Unam @Ciencia_UNAM @EnesJuriquilla @IIUNAM @educonciencias @uaj_ii_UNAM @GeocienciasUNAM
",0,1,3354,988,TRUE,https://x.com/EnLaLupaQro/photo
1.9749872259487214e+18,@alexmelon,"La UNAM exige un alto al fuego inmediato y condena el genocidio palestino 
@UNAM_MX",2025-10-05 23:57:00+00:00,es,Mx,,,Negativo,UNAM alto fuego genocidio palestino ,@UNAM_MX,0,0,10000,3473,FALSE,https://x.com/alexmelon/photo
1.9749872150977009e+18,@Pendola_RR,"#CentenarioJuarroz
‚ÄúLa mano dentro del espejo‚Äù, fue el t√≠tulo de la entrevista que Miguel Cabrera hizo a Roberto Juarroz y apareci√≥ en el n√∫mero 1 de ùòäùò∂ùò¢ùò•ùò¶ùò≥ùòØùò∞ùò¥ ùòàùòÆùò¶ùò≥ùò™ùò§ùò¢ùòØùò∞ùò¥ (enero-febrero de 1983). Sigue leyendo aqu√≠ ",2025-10-05 23:57:00+00:00,es,Mx,,,Neutro,#CentenarioJuarroz entrevista cuadernos americanos ,,1,3,1121,63,TRUE,https://x.com/Pendola_RR/photo
1.9749854533896156e+18,@MeganoticiasMx,"El mundo perturbador de los ""INCEL"" y la crisis de violencia en la UNAM. El debate con: 
@JoseBuendiaMx
 , 
@juanmartinmx
 Coordinador 
@tejiendoredesi
 
@ollintv
 , 
@infancialatina
 y 
@feggyostrosky
 Doctora en Neuropsic√≥loga.
üì∫Domingo 20:10 horas",2025-10-05 23:50:00+00:00,es,Mx,,,Negativo,INCEL UNAM violencia crisis ,"@JoseBuendiaMx @juanmartinmx
@tejiendoredesi @ollintv @infancialatina
@feggyostrosky

",0,0,18800,3214,FALSE,https://x.com/MeganoticiasMx/photo
1.974984731273147e+18,@FICM,"#VozEnOff: 1959, Box y Jazz: GUANTES DE ORO de Chano Urueta. Ese a√±o nac√≠a Panorama del Jazz en Radio UNAM y el cine integraba a grandes jazzistas como Mario Patr√≥n y Chilo Mor√°n. Box y jazz marcaban el pulso cultural de M√©xico",2025-10-05 23:47:00+00:00,es,Mx,,,Neutro,#VozEnOff Box Jazz Radio UNAM cine cultural M√©xico,,1,4,334900,1508,TRUE,https://x.com/FICM/photo
1.9749842434459858e+18,@maxi_jardon,#Cultura TV UNAM estrena documentales que revelan el funcionamiento de los poderes mundiales,2025-10-05 23:45:00+00:00,es,Mx,,,Neutro,#Cultura TV UNAM documentales poderes ,,0,0,457,631,FALSE,https://x.com/maxi_jardon/photo
1.9749819991454397e+18,@SKY_M4X,"La 
@UNAM_MX
 est√° degradada y peor a√∫n es que se vendi√≥ al narco gobierno.

2018-2019 usurpando el t√≠tulo de Doctor en... 
@JohnMAckerman
 la UNAM le ha permitido dar clases y se ha ""enriquecido"" junto con 
@Irma_Sandoval
 teniendo millones de pesos en propiedades.
Cita
Sim√≥n Levy
@SimonLevyMx",2025-10-05 23:36:00+00:00,es,Mx,,,Negativo,Degradada narco gobierno UNAM clases propuedades ,@UNAM_MX @JohnMAckerman @Irma_Sandoval,0,1,6711,7493,FALSE,https://x.com/SKY_M4X/photo
1.9749817201233516e+18,@CynthiaGendolf,#Cultura TV UNAM estrena documentales que revelan el funcionamiento de los poderes mundiales,2025-10-05 23:35:00+00:00,es,Mx,,,Neutro,#Cultura TV UNAM documentales poderes ,,0,0,388,445,FALSE,https://x.com/CynthiaGendolf/photo
1.9749804395522703e+18,@a_medinaascanio,"Y M√©xico? Para cu√°ndo lo van a tomar en cuenta para defender a los mexicanos de estos gobiernos corruptos e ineptos?
Nunca, verdad?
""Por mi raza hablar√° mi esp√≠ritu""
¬øD√≥nde est√° la UNAM ahora?
Da mucha tristeza ver c√≥mo la UNAM sigue permitiendo la descomposici√≥n social. L√°stima",2025-10-05 23:30:00+00:00,es,Mx,,,Negativo,M√©xico mexicanos gobiernos raza UNAM tristeza,,0,0,901,1155,FALSE,https://x.com/a_medinaascanio/photo
1.9749786576734945e+18,@albarrio,"Ya hab√≠a perdido la esperanza, pero al fin sali√≥ el comunicado de la UNAM con otra ""en√©rgica condena"". Ya con eso seguro van a cortar sus v√≠nculos con las universidades de Israel... Alg√∫n d√≠a.",2025-10-05 23:22:00+00:00,es,Mx,,,Negativo,esperanza UNAM comunicado universidades Israel,,0,0,441,1699,FALSE,
1.9749766505057608e+18,@unamglobal,¬øPuede prevenir resfriados? ¬øAyuda a la cicatrizaci√≥n de heridas? Un #ExpertoUNAM te explica los mitos y realidades de la vitamina C,2025-10-05 23:15:00+00:00,es,Mx,,,Neutral ,resfriados heridas #ExpertosUNMA vitamina mitos,,0,2,27100,781,FALSE,https://x.com/unamglobal/photo
1.9749743404386432e+18,@Diario_Supremo," La ‚Äúm√°xima casa de estudios de M√©xico‚Äù, la UNAM (
@UNAM_MX
), se indigna por matanzas en Gaza, y exige liberaci√≥n de activista a trav√©s de un comunicado, pero as√≠ le fue y les contestan en REDES‚Ä¶

#UNAM #Morena #4T #Sheinbaum #Sinaloa #Zocalo 
@WhiteHouse",2025-10-05 23:05:00+00:00,es,Mx,,,Negativo,estudios M√©xico UNAM GAZA matanzas comunicado redes #UNAM #Morena #4T #Sheinbaum #Sinaloa #Zocalo ,@WhiteHouse @UNAM_MX,0,1,81800,67800,TRUE,https://x.com/Diario_Supremo/photo
1.9749872150977009e+18,@Pendola_RR,"Naucalpan fortalece lazos con la UNAM: Isaac Montoya recibe reconocimiento como exalumno distinguido de la FCPyS https://noticieroedomex.com/2025/10/04/naucalpan-fortalece-lazos-con-la-unam-isaac-montoya-recibe-reconocimiento-como-exalumno-distinguido-de-la-fcpys/ v√≠a 
@NEdomex41567
  
@isaacsolar
",2025-10-05 23:05:00+00:00,es,Mx,,,Positivo,Naucalpan lazos UNAM exalumno FCPyS ,@NEdomex41567  @isaacsolar,0,0,173,181,FALSE,https://x.com/NEdomex41567/photo
1.974972871769465e+18,@ChingaKD2," #AlMomento

üü£ IA para seleccionar a los mejores espermatozoides: as√≠ es la nueva tecnolog√≠a de la UNAM

üëá #ConoceM√°s
https://chingaquedito.mx/?p=57376",2025-10-05 23:00:00+00:00,es,Mx,,,Positivo,#AlMomento IA espermatozoides tecnolog√≠a UNAM #ConoceM√°s  ,,0,0,22,54,FALSE,https://x.com/ChingaKD2/photo
1.9749728712994778e+18,@Gaceta_UNAM,"Con el prop√≥sito de preservar la memoria y propiciar una reflexi√≥n a cuatro d√©cadas de los sismos de 1985, en el 
@IGeografiaUNAM
, especialistas, acad√©micos y estudiantes analizaron la evoluci√≥n de la protecci√≥n civil y la manera en que se comprenden los desastres en M√©xico.",2025-10-05 23:00:00+00:00,es ,Mx,,,Neutro,memoria reflexi√≥n sismos 1985 desastres M√©xico ,@IGeografiaUNAM,0,2,119600,305,TRUE,https://x.com/Gaceta_UNAM/photoo
1.9749726332436524e+18,@infiltradoenf1,"La UNAM condenando energicamente el genocidio en Palestina pero no pueden resolver el asesinato en el CCH Sur ni las amenazas en la facultad de Quimica.

La UNAM y sus egresados estan de risa, pir eso no los contratan.

#Zocalo 
#MuchaPresidenta 
#FelizDomingo",2025-10-05 22:59:00+00:00,es,Mx,,,Negativo,UNAM Palestina genocidio CCH amenazas Qu√≠mica egresados #Zocalo #MuchaPresidenta  #FelizDomingo,,1,3,3735,5275,TRUE,https://x.com/infiltradoenf1/photo
1.9749722320878515e+18,@Omisrael09,"Tienes chance para decir pendejadas al final sin duda.
Pero bueno ya sabemos como piensas, claro ejemplo que no todos los que son pumas comparten el lema, valores o historia que se supone inculca e inspira la 
@UNAM_MX

Ahora entiendo lo que dicen de afici√≥n puma.",2025-10-05 22:57:00+00:00,es,Mx,,,Negativo,pendejadas duda piensas lema valores historia puma ,@UNAM_MX,0,2,514,497,FALSE,https://x.com/Omisrael09/photo
1.9749722196556106e+18,@taller2006,"La UNAM levanta su condena por el genocidio en Palestina üáµüá∏.
Ahora s√≥lo esperemos que rompa relaciones con el Estado genocida de 1srael.",2025-10-05 22:57:00+00:00,es,Mx,,,Negativo,UNAM Palestina Estado genocida 1srael ,,3,16,5220,47700,TRUE,https://x.com/taller2006/photo
1.9749719640672873e+18,@DCecol,"Repudio las expresiones de la 
@UNAM_MX
 que deber√≠an estar m√°s preocupadas por el genocidio que est√° ocurriendo en M√©xico a menos de un narcor√©gimen. No les mantenemos con nuestros impuestos para hacer grilla barata!",2025-10-05 22:56:00+00:00,es,Mx,,,Negativo,Repudio expresiones genocidio M√©xico narcor√©gimen impuestos,@UNAM_MX,0,0,846,1267,FALSE,https://x.com/DCecol/photo
1.974971926247514e+18,@JoaquinSJimenez,¬øY Sinaloa? ¬øY el desabasto de medicinas? ¬øY el huachicol fiscal? ¬øY el plagio de Esquivel? ¬øY los +800 mil muertos por COVID? ¬øY la deforma judicial? ¬øY los üêñüêñ de la n4rco secta Luz del Mundo infiltrados en el PJF? ¬øY eso no lo condena la UNAM? M√©xico sangra sin guerra.,2025-10-05 22:56:00+00:00,es,Mx,,,Negativo,Sinaloa medicinas huachicol fiscal COVID judicial UNAM ,,1,0,97,431,FALSE,https://x.com/JoaquinSJimenez/photo
1.9749707721216535e+18,@huachodiazmena,"Hoy a las 6:00 p.m. estrenamos un nuevo episodio de Voces del Renacimiento Maya. Acomp√°√±enos en esta charla con el Dr. Xavier Chiappa-Carrara, Director de la ENES UNAM M√©rida, donde hablamos sobre c√≥mo la educaci√≥n y la investigaci√≥n est√°n transformando el presente y futuro de Yucat√°n. üåéüìö",2025-10-05 22:51:00+00:00,es,Mx,,,Neutro,Episodio renacimiento maya M√©rida Yucat√°n ,,10,24,28200,2840,TRUE,https://x.com/huachodiazmena/photo
1.9749704814943483e+18,@GMinimi,"Y sin embargo, el 80% de los alumnos de la 
@UNAM_MX
  votaron por esa mierda.
Cita
Aspa",2025-10-05 22:50:00+00:00,es,Mx,,,Negativo ,"Y sin embargo, el 80% de los alumnos de la 
@UNAM_MX
  votaron por esa mierda.
Cita
Aspa",@UNAM_MX,2,2,7994,3530,FALSE,https://x.com/GMinimi/photo
1.974968252263707e+18,@CasadelLago,"Con tangos noruegos y canciones futuristas para extraterrestres y altavoces, el d√∫o Sawtooth explor√≥ esta tarde en Casa del Lago UNAM los l√≠mites entre el folk, la m√∫sica cl√°sica, la contempor√°nea y la experimental, en el marco del Festival CulturaUNAM.",2025-10-05 22:41:00+00:00,es,Mx,,,Positivo,tangos noruegos futuristas Casa Lago UNAM folk m√∫sica festival cultura ,,1,8,345300,2356,FALSE,https://x.com/CasadelLago/photo
1.9749670866037599e+18,@soldemorelia,"Este domingo concluy√≥ el Torneo nacional de judo Daniel F. Hern√°ndez, que tuvo como sede el Auditorio polivalente del CDER
En la competencia participaron atletas de todo el pa√≠s, adem√°s de representantes de intituciones como el IPN y la UNAM",2025-10-05 22:37:00+00:00,es,Mx,,,Positivo,Torneo nacional judo Auditorio competencia pa√≠s UNAM IPN ,,0,0,16700,607,FALSE,https://x.com/soldemorelia/photo
1.9749430343462054e+18,@SpicksMa," Emoci√≥n pura: UNAM vs üêêGuadalajara en 4h. Tu gu√≠a de apuestas IA est√° en GameChanger, ¬°descarga ya! #LigaMX",2025-10-05 22:01:00+00:00,es,Mx,,,Postivo,UNAM Guadalajara .#LigaMx,,0,0,1534,2435,TRUE,https://x.com/SpicksMa/photo
1.974943005720314e+18,@universo2000__,"a la UNAM solo le gusta ""condenar energ√©ticamente"" pero no tomar acciones al respecto",2025-10-05 22:01:00+00:00,es,Mx,,,Negativo,UNAM condenar acciones,,0,1,55,132,TRUE,https://x.com/universo2000__/photo
1.974957882199196e+18,@Aviculturamx,#NOTICIAüá≤üáΩ| La Facultad de Medicina Veterinaria y Zootecnia #UNAM suspendi√≥ parcialmente sus actividades tras registrarse amenazas contra estudiantes. Autoridades de la Facultad ya presentaron denuncias ante la FGR y revisaron protocolos internos.,2025-10-05 22:00:00+00:00,es,Mx,,,Negativo,#NOTICIA Facultad Medicina Veterinaria Zootecnia amenazas estudiantes FGR,,0,0,5139,76,TRUE,https://x.com/Aviculturamx/photo
1.9749577709410058e+18,@RadioUNAM," Inscr√≠bete al #curso ‚ÄúIntroducci√≥n a la Inteligencia Artificial‚Äù (M√≥dulo I) y comprende los conceptos, herramientas y dilemas √©ticos que est√°n transformando el presente.",2025-10-05 22:00:00+00:00,es ,Mx,,,Neutro,#curso Inteligencia Artificial conceptos herramientas ,,2,5,262200,1243,FALSE,https://x.com/RadioUNAM/photo
1.974942677411193e+18,"

@FESAragonUNAM","#M√°sCulturaM√°sFES üé≠ | ¬øCine mexicano restaurado en 16 mm? S√≠, existe y est√° en 
@tvunam
.
Del 6 al 10 de octubre, revive joyas olvidadas que marcaron historia.
üïô 22:00 horas",2025-10-05 22:00:00+00:00,es,Mx,,,Neutro,#M√°sCulturaM√°sFES cine mexicano historia ,@tvunam,0,0,33600,411,FALSE,https://x.com/FESAragonUNAM/photo
1.9749567954594204e+18,@CulConCiencia,"Jane Goodall, la cient√≠fica entre abrazos de chimpanc√©s, un art√≠culo que nos comparte 
@Ciencia_UNAM
, con motivo del fallecimiento de la primat√≥loga y conservacionista.",2025-10-05 21:56:00+00:00,es,Mx,,,Neutro,cient√≠fica abrazos chimpanc√©s art√≠culo fallecimiento ,@Ciencia_UNAM,0,1,1383,1724,FALSE,https://x.com/CulConCiencia/photo
1.974950724782994e+18,@SociedadN_,"La 
@UNAM_MX
 instal√≥ el Comit√© T√©cnico de Gobernanza del C√≥mputo y TIC para fortalecer la planeaci√≥n digital y la seguridad inform√°tica. #CTeTIC #UNAMDigital #Tecnolog√≠a #Educaci√≥nSuperior #NoticiasMX

#PeriodismoParaTi  #SociedadNoticias",2025-10-05 21:32:00+00:00,es,Mx,,,Neutro,Comit√© Gobernanza C√≥mputo TIC digital inform√°tica . #CTeTIC #UNAMDigital #Tecnolog√≠a #Educaci√≥nSuperior #NoticiasMX #PeriodismoParaTi  #SociedadNoticias,@UNAM_MX,0,0,456,191,FALSE,https://x.com/SociedadN_/photo
1.9749487367838272e+18,@adreus1,"√ìjala la 
@UNAM_MX
  se altere alg√∫n d√≠a por el respeto al Estado de Derecho de los mexicanos.
@UNAM_MX
 duerme y se ha vuelto muy peque√±a.",2025-10-05 21:24:00+00:00,es,Mx,,,Negativo,Estado Derecho mexicanos ,@UNAM_MX,0,0,395,918,FALSE,https://x.com/adreus1/photo
1.9749464444833672e+18,@gnajjjj,Alguien se acuerda si la UNAM public√≥ un comunicado denunciando las masacres cometidas por Ham√°s el 7 de octubre del 2023?,2025-10-05 21:14:00+00:00,es ,Mx,,,Negativo,UNAM comunicado Hamas masacres ,,1,4,2066,4801,FALSE,https://x.com/gnajjjj/photo
1.9749459250818417e+18,@Buro_Mex,"La Universidad Aut√≥noma de Quer√©taro, #UAQ, romper√° relaciones con los ASESINOS ISRAEL√çS por el GENOCIDIO que se comete en Palestina; suspende convenios con sus instituciones.

Bien la 
@UAQmx
, y p√©simo la #UNAM al no romper relaciones con #israel y solapar sus atrocidades.
",2025-10-05 21:12:00+00:00,es,Mx,,,Negativo,Universidad Aut√≥noma Quer√©taro #UAQ asesinos israel√≠es Genocidio Palesetina #UNAM #Israel ,@UAQmx,1,0,1639,113,FALSE,https://x.com/Buro_Mex/photo
1.9749426743409628e+18,@estudioplumilla,"Antes de ser un √©xito mundial, El Se√±or de los Anillos casi no se filma. Peter Jackson quer√≠a adaptar la trilog√≠a, pero Weinstein exig√≠a una sola pel√≠cula. A√±os despu√©s, se revel√≥ que un orco fue inspirado en Weinstein como venganza.

#UNAM #LordOfTheRings #EstudioPlumilla",2025-10-05 21:10:00+00:00,es,Mx,,,Neutro,√©xito mundial #UNAM #LordOfTheRings #EstudioPlumilla,,0,0,71,16,FALSE,https://x.com/estudioplumilla/photo
1.9749427949482476e+18,@mosave_87,"All√≠, donde las brisas joviales moran para cortejar
A las tempranas hojas a su paso,
Mi amor va lentamente, inclin√°ndose
Hacia su sombra que yace en la hierba.
James Joyce

üì∑ IG: monicasauza 

#UNAM #BibliotecaCentralUNAM #juanogorman #enbici #dianublado",2025-10-05 21:08:00+00:00,es,Mx,,,Positivo,brisas sombra #UNAM #BibliotecaCentralUNAM #juanogorman #enbici #dianublado,,0,10,615,717,FALSE,https://x.com/mosave_87/photo
1.9749426759890458e+18,@PUEC_UNAM,"Hoy conmemoramos el D√≠a Internacional de la Educaci√≥n Vial üößüö∏‚ö†Ô∏è
üë©‚Äçüè´ Educar en seguridad vial no es solo ense√±ar a conducir, es formar ciudadanos responsables; automovilistas, motociclistas, peatones y ciclistas conscientes y respetuosos.",2025-10-05 21:05:00+00:00,es,Mx,,,Neutro,Educaci√≥n Vial seguridad conducir responsables autom√≥vles ciudadanos ,,0,1,8524,3013,FALSE,https://x.com/PUEC_UNAM/photo
1.9749435084790497e+18,@Abraham78091195,"Pues que vayan y chinguenatodasureputamadre los que respaldan esto en la 
@UNAM_MX
 cada d√≠a se convierte en una universidad de izquierda y cuna se crim√≠nales.",2025-10-05 21:03:00+00:00,es,Mx,,,Negativo,universidad izquierda criminales,@UNAM_MX,0,1,203,604,FALSE,https://x.com/Abraham78091195/photo
1.974942797791695e+18,@RSG_ISCB_Mexico,"Conoce a Andrea Ch√°vez, miembro del Consejo de RSG-M√©xico ‚ú®

Graduada en Matem√°ticas (UG) y con Maestr√≠a en Matem√°ticas con enfoque en estad√≠stica (UNAM), Andrea disfruta trabajar con R para an√°lisis y visualizaci√≥n de datos.",2025-10-05 21:00:00+00:00,es,Mx,,,Positivo,Consejo M√©xico Matem√°ticas Maestr√≠a UNAM an√°lisis ,,0,0,97,54,FALSE,https://x.com/RSG_ISCB_Mexico/photo
1.9749426755657815e+18,@IIJUNAM,"¬øPuede el Derecho seguir siendo local en un mundo global? Derecho intercultural explora c√≥mo la justicia penal se transforma en tiempos de fronteras difusas y culturas entrelazadas. üåçüîç

Visita la #BibliotecaIIJCarpizo",2025-10-05 21:00:00+00:00,es,Mx,,,Neutro,Derecho mundo global intercultural justicia penal transforma #BibliotecaIIJCarpizo,,2,4,125700,419,FALSE,https://x.com/IIJUNAM/photo
1.974942140972319e+18,@AlbertoSchnei13,"Por si hiciera falta el cretinismo UNAM en esplendor. 

Resulta que el genocidio lo comete el Esp√≠ritu Santo.

Hijos de su reput√≠sima..

#IsraeliNewNazism #IsraelGenocida #IsraelTerroristEntity #Israel_Enemy_of_Humanity",2025-10-05 20:57:00+00:00,es,Mx,,,Negativo,UNAM esplendor esp√≠ritu santo  #IsraeliNewNazism #IsraelGenocida #IsraelTerroristEntity #Israel_Enemy_of_Humanity,,3,2,3238,2383,FALSE,https://x.com/AlbertoSchnei13/photo
1.974938906048295e+18,@AztecaNoticias,"Kimberly Hilary Moya Gonz√°lez es una menor de 16 a√±os. Estudia en el #CCH Naucalpan de la Universidad Nacional Aut√≥noma (#UNAM), pero desde el 2 de octubre de 2025 est√° #desaparecida. 

De ella solo se tiene grabaciones de la ruta por donde fue vista por √∫ltima vez luego de ir a sacar unas copias para una tarea escolar.",2025-10-05 20:45:00+00:00,es,Mx,,,Negativo,Kimberly Moya estudia #CCH Naucalpan UNAM #Desaparecida ,,958,901,1100000,1255,TRUE,https://x.com/AztecaNoticias/photo
1.974938906048295e+18,@AztecaNoticias,"Kimberly Hilary Moya Gonz√°lez es una menor de 16 a√±os. Estudia en el #CCH Naucalpan de la Universidad Nacional Aut√≥noma (#UNAM), pero desde el 2 de octubre de 2025 est√° #desaparecida. 

De ella solo se tiene grabaciones de la ruta por donde fue vista por √∫ltima vez luego de ir a sacar unas copias para una tarea escolar.",2025-10-05 20:45:00+00:00,es,Mx,,,Negativa,Kimberly Hilary Moya estudia #CCH Naucalpan #UNAM #Desaparecida ,,1000,2000,1100000,1255,TRUE,https://x.com/AztecaNoticias/photo
1.9749360403739935e+18,@gomihaekook,"NO SIRVE MIENTRAS NO ROMPAN RELACIONES CON EL ESTADO GENOCIDA E ILEGITIMO DE ISRAEL
Mientras tanto la UNAM y el gobierno de M√©xico siguen siendo c√≥mplices del genocidio",2025-10-05 20:33:00+00:00,es,Mx,,,Negativa,rompan relaciones estado genocida Israel UNAM M√©xico genocidio ,,0,2,131,204,FALSE,https://x.com/gomihaekook/photo
1.974942673783153e+18,@OnceNoticiasTV," #EsNoticia | El Consejo Universitario de la #UNAM pide el cese inmediato de hostilidades, repatriaci√≥n de connacionales y respeto a derechos humanos. s en Gaza üáØüá¥üëá 

#OnceNoticiasDigital üîª",2025-10-05 19:08:00+00:00,es,Mx,,,Negativo, #EsNoticia #UNAM #OnceNoticiasDigital universitario hostilidades repatriaci√≥n connacionales derechos humanos Gaza ,,1,7,149800,648,TRUE,https://x.com/OnceNoticiasTV/photo
1.9748822756000607e+18,@UniversumMuseo,"¬øQu√© tal un buen chocolate para nutrir la mente?ü§ì

Ven con tu familia a Ciencia con Sabor a Chocolate, una exposici√≥n que despierta historia, sentidos y neuronas: https://bit.ly/42TM14X
¬°Da mordiscos de conocimiento con #SaborACiencia! 
@UNAM_MX
 
@DGDCUNAM",2025-10-05 17:00:00+00:00,es, Mx,,,Positivo,chocolate nutrir mente familia Ciencia Sabor exposici√≥n #SaborACiencia,"@UNAM_MX
 
@DGDCUNAM",18,46,392400,634,FALSO,https://x.com/UniversumMuseo/photo
1.9748622349596268e+18,@PaolaSaeb,"5 BOMBAS MOLOTOV estallaron dentro de las instalaciones del Centro Cultural Tlatelolco de la UNAM, el dos de octubre. La fiscal√≠a ni siquiera se present√≥ ( ni que fu√©ramos Noro√±a) 

Ni 
@Claudiashein
 , ni 
@ClaraBrugadaM
 han dicho una sola palabra de lo que ocurri√≥ en la UNAM.",2025-10-05 15:40:00+00:00,es ,Mx,,,Negativo,Bombas MOLOTOV Centro Cultural Tlatelolco UNAM,@Claudiashein @ClaraBrugadaM,1000,3000,41700,12100,TRUE,https://x.com/PaolaSaeb/photo
1.973179806004159e+18,@LaRazon_mx,"Una alumna de la UNAM (
@UNAM_MX
) solicita un pronunciamiento firme de la m√°xima casa de estudios ante la situaci√≥n de Gaza. La estudiante, que actualmente viaja en la Global Sumud Flotilla con ayuda humanitaria, pide que la Universidad exija el alto al genocidio y adopte acciones concretas como autoridad acad√©mica. Ante esta situaci√≥n, ella solicita que el discurso acad√©mico se transforme en acciones concretas que incluyen pedir el fin de los ataques üáµüá∏üáÆüá± #UNAM #Gaza #Palestina #Israel https://tinyurl.com/fh7yny6w",2025-09-30 23:15:00+00:00,es ,Mx,,,Negativo,Alumna UNAM pronunciamiento Gaza estudiante Global Sumud Flotilla ayuda humanitaria #UNAM #GAZA #Palestina ,@UNAM_MX,16,38,162000,949,TRUE,https://x.com/LaRazon_mx/photo
1.9731768404300147e+18,@AcademPalestina,"Este 7 de octubre a las 13h30 (antes de la marcha), acto en las islas de la UNAM ¬ønos ayudan a difundir?
",2025-09-30 23:03:00+00:00,es,Mx,,,Neutro,Octubre marcha UNAM,,747,1000,2460,44,FALSE,https://x.com/AcademPalestina/photo
1.974935732067402e+18,@raulsies,Deben despedir de la UNAM al y a los pendejos q emitieron ese comunicado de mierda‚Ä¶! Ese comunicado no nos representa como universitarios..!!!,2025-09-30 23:09:00+00:00,es,Mx,,,Negativa,despedir UNAM pendejos mierda comunitario universitarios ,,0,0,1095,1418,FALSE,https://x.com/raulsies/photo
